{"cameraMode":{"drawMode":0,"name":"Shaded","section":"Shading Mode"},"sceneLighting":true,"audioPlay":false,"sceneViewState":{"showFog":true,"showMaterialUpdate":false,"showSkybox":true,"showFlares":true,"showImageEffects":true,"showParticleSystems":true},"in2DMode":false,"pivot":{"x":-10.587221145629883,"y":-8.815767288208008,"z":-17.591196060180665},"rotation":{"x":-0.10250774770975113,"y":0.8392870426177979,"z":-0.16996464133262635,"w":-0.5061758160591126},"size":25.849130630493165,"orthographic":false}