{"cameraMode":{"drawMode":0,"name":"Shaded","section":"Shading Mode"},"sceneLighting":true,"audioPlay":false,"sceneViewState":{"showFog":true,"showMaterialUpdate":false,"showSkybox":true,"showFlares":true,"showImageEffects":true,"showParticleSystems":true},"in2DMode":false,"pivot":{"x":10.440498352050782,"y":-5.450628757476807,"z":-6.856015205383301},"rotation":{"x":0.09582836180925369,"y":0.8599637150764465,"z":-0.1754961907863617,"w":0.4695797860622406},"size":9.142725944519043,"orthographic":false}